{"cameraMode":{"drawMode":0,"name":"Shaded","section":"Shading Mode"},"sceneLighting":false,"audioPlay":false,"sceneViewState":{"showFog":true,"showMaterialUpdate":false,"showSkybox":false,"showFlares":true,"showImageEffects":true,"showParticleSystems":true},"in2DMode":false,"pivot":{"x":0.363916277885437,"y":-0.1400001049041748,"z":1.250928521156311},"rotation":{"x":-0.10909193009138107,"y":0.7843303680419922,"z":-0.14419135451316834,"w":-0.5934085845947266},"size":0.9248713850975037,"orthographic":false}