{"cameraMode":{"drawMode":0,"name":"Shaded","section":"Shading Mode"},"sceneLighting":false,"audioPlay":false,"sceneViewState":{"showFog":true,"showMaterialUpdate":false,"showSkybox":false,"showFlares":true,"showImageEffects":true,"showParticleSystems":true},"in2DMode":false,"pivot":{"x":0.21111911535263062,"y":-0.5155302286148071,"z":0.4743694067001343},"rotation":{"x":-0.10909193009138107,"y":0.7843303680419922,"z":-0.14419135451316834,"w":-0.5934085845947266},"size":0.6703015565872192,"orthographic":false}