{"cameraMode":{"drawMode":0,"name":"Shaded","section":"Shading Mode"},"sceneLighting":false,"audioPlay":false,"sceneViewState":{"showFog":true,"showMaterialUpdate":false,"showSkybox":false,"showFlares":true,"showImageEffects":true,"showParticleSystems":true},"in2DMode":false,"pivot":{"x":0.01793094538152218,"y":0.42095792293548586,"z":0.04736202955245972},"rotation":{"x":-0.05578023940324783,"y":0.005089432001113892,"z":-0.00028700288385152817,"w":-0.9984346032142639},"size":1.2247449159622193,"orthographic":false}