{"cameraMode":{"drawMode":0,"name":"Shaded","section":"Shading Mode"},"sceneLighting":false,"audioPlay":false,"sceneViewState":{"showFog":true,"showMaterialUpdate":false,"showSkybox":false,"showFlares":true,"showImageEffects":true,"showParticleSystems":true},"in2DMode":false,"pivot":{"x":0.7689077854156494,"y":-0.24994312226772309,"z":-0.032932981848716739},"rotation":{"x":-0.06627538800239563,"y":0.5296428203582764,"z":-0.04156352952122688,"w":-0.8446111679077148},"size":0.8752550482749939,"orthographic":false}